Planilha Ofícios Enviados;;;;;;;
;;;;;;;
Nº do Ofício;Destinatário;Solicitação;Status;Previsão;;;
1;Sec. Saúde;realização de estudos epidemiológicos – Presídio;atendido;;;;
2;RH;Informação – colaboradores que fazem controle de ponto;ok;;;;
3;Sec. Saúde;liberação do acesso ao sistema Sonner – UBS Ipê;não;;;;
5;Sec. Desenv. Soc. e Sec. Infra;praça céu – Moriá;atendido;;;;
6;Sec. Desenv. Soc. e Sec. Infra;praça céu – Moriá – escoamento de água;não;;;;
7;Sec. Desenv. Social;equipes e estruturas a equipe Anti Drogas e o Banco de Alimentos.;não;;;;
8;Sec. Saúde;Vigilância Sanitária para acompanhar – Presídio;não;;;;
10;Sec. Serviços Urbanos;limpeza no terreno - Rua Vinicius Mayer Chaves, São Sebastião;não;;;;
13;Sec. Serviços Urbanos;limpeza no terreno - Rua João Rodrigues da Cunha;não;;;;
14;Sec. Serviços Urbanos;limpeza no terreno – Praça da Constituição;não;;;;
16;Sec. Serviços Urbanos;Poda de Árvore – Pç da constituição e rua dr. Adalcino de Amorim;não;;;;
17;Coord. Zoonoses;visita dos agentes de combate a dengue;atendido;;;;
18;FAMEP;liberação de um ônibus;atendido;;;;
19;FAEC;liberação de um ônibus;atendido;;;;
20;Sind. Rural;Entrada Solidária – EXPO;atendido;;;;
21;RH;Informação – colaboradores que fazem controle de ponto;ok;;;;
22;Sec. Fazenda;informações relativas à gestão orçamentária e financeira do município;não;;;;
23;Sec. Infraestrutura;manutenção na via pública -  Avenida Santos Dumont - Avenida Cel. Teodolino Pereira Araújo;atendido;;;;
24;Procon;Esclarecimentos – show da dupla Maiara e Maraisa;ok;;;;
25;FAEC;liberação de um ônibus;;;;;
26;FAMEP;liberação de um ônibus;;;;;
27;Sec. Serviços Urbanos;supressão árboreos - Rua Leopoldo Fernandes, nº 108, Bairro Paraíso;não;;;;
28;Sec. Meio Ambiente;supressão árboreos - Rua Leopoldo Fernandes, nº 108, Bairro Paraíso;não;;;;
29;Sec. Serviços Urbanos;manutenção e poda na Pç – Bela Suiça;atendido;;;;
30;SAE;Desobstrução esgoto – Amanhece;Atendido;;;;
31;Sec. Infraestrutura;Notificação DER – Rodovia Indianôpolis -  LMG 748;não;;;;
32;Sec. Infraestrutura;Lâmpadas – Rua Vereador Nicolino Caetano;Atendido;;;;
33;Sec. Serviços Urbanos;Notificação – Rua Eurides Alves Cardoso – Interlagos;não;;;;
34;Sec. Serviços Urbanos;Limpeza no terreno – Fundo Policlinica;Atendido;;;;
35;Sec. Infraestrutura;Notificação – Rua Aurélio de Oliveira – Casa Abandonada;não;;;;
36;Sec. Trânsito;Mudança estacionamento – Rua Amazonas – Bela Suiça;em anexo ao ofício retorno da secretaria;;;;
37;Sec. Serviços Urbanos;Poda de Árvore – Av. Mato Grosso;Atendido;;;;
38;Sec. Serviços Urbanos;Limpeza no terreno – Av. Codornas nº 205  a 587;não;;;;
39;Sec. Serviços Urbanos;Notificação – Rua Raul José de Belém esquina com Bonanza;não;;;;
40;Sec. Serviços Urbanos;Limpeza no terreno – Res.Jardim Jockey, Rua Sacramento;Não;;;;
41;Sec. Infraestrutura;Reparo – Travessia elevada Av. Batalhão Mauá, 621;Responsável no local na data de 17/02;;;;
42;Sec. Infraestrutura;Recapeamento – Rua das Palmeiras e Marieta Veira de Queiroz;previsão para a semana do dia 17/02;;;;
43;SAE;Desobstrução esgoto – Rua Joaquim Anibal;resolvido;;;;
44;Sec. Serviços Urbanos;Limpeza no terreno – Rua Walter Sopranzetti – Sibipiruna;não;;;;
45;FAEC;Relação das Despesas – 2024;Atendido;;;;
47;Sec. Infraestrutura;Reparo asfalto – Rua Natal Mujali;Repassou para a SAE – Miranda;;;;
48;Sec. Infraestrutura;Reparo – Av. Dr. Oswaldo Pierucetti;Atendido;;;;
49;Sec. Serviços Urbanos;Notificação – todos Terrenos Bairro Sibipiruna;Atendido;;;;
50;Sec. Infraestrutura;Reparo Buraco – Av. Rui Dácio de Belém – Paineras;já encaminhou -Serjão – retorno até 21/02;;;;
51;Sec. Infraestrutura;Reparo – Rua Marajó;Atendido – fotos no grupo;;;;
52;Sec. Infraestrutura;Reparo – Rua Ponte Terra – Bairro independência;Retornará dia 05/03 -pauta reunião SAE;;;;
53;Sec. Serviços Urbanos;Notificação terreno – João Rodrigues da Cunha – 1185 – PQ dos Verdes;não;;;;
55;Sec. Serviços Urbanos;Notificação terreno – Rua Estrela do Sul, 137 – JAPA;não;;;;
56;Escola Legislativa;indicação do assessor a Reunião para planejamento do evento “ Mulheres: fortalecendo Histórias e Lutas”.;;;;;
57;Sec. Infraestrutura;tapa buraco por toda sua extensão na Rua Coronel Póvoa, Bairro Santa Helena;No cronograma da semana do dia 21/02;;;;
58;Sec. Infraestrurura;tapa buraco por toda sua extensão na Rua das Nogueiras Bairro São Sebastião;No cronograma da semana do dia 21/02;;;;
59;Sec. Saúde;visita técnica Vigilância Sanitária e Zoonoses Rua das Nogueiras,344 Bairro São Sebastião   ;;;;;
60;Sec. Meio Ambiente;"Praça da Constituição, nº 45, Centro;Rua Dr.Adalcino de Amorim nº86 Industrial;Avenida Mato Grosso";;;;;
61;Deputado Estadual Doorgal;Recapeamento – LMG-748;;;;;
62;Sec. Serviços Urbanos;limpeza do terreno localizado na Rua Moisés Antônio Naves, Bairro Vieno;;;;;
63;Sec. Serviços Urbanos;Rua Professor João Batista da Costa, nº 54, Bairro Maria Eugênia;;;;;
64;Sec. Infraestrutura;tapa buraco na Rua Dr. Alberto Moreira, nº 640, Bairro Centro;;;;;
65;Sec. Infraestrutura;tapa buraco na Rua Alvim Borges, nº 477, Bairro Fátima;;;;;
66;Sec. Infraestrutua;tapa buraco na  calçada da Escola Padre Damião na Av. Hugo Alessi, nº 1115, Bairro Industrial,;;;;;
67;Sec. Meio Ambiente;Supressão árboreos – Praça Carlos José de Moura;;;;;
68;Sec. Serviços Urbanos;capina, limpeza e manutenção da Praça Carlos José de Moura;;;;;
69;Sec. Serviços Urbanos;Alameda Antonino Vieira, 191 e 211, Bairro Sibipiruna;;;;;
70;Sec. Serviços Urbanos;Avenida Teodoreto Veloso de Carvalho com a Rua Professora Heloisa Cury, Bairro Paineiras;;;;;
71;Sec. Trânsito;"Placas de ""PROIBIDO ÔNIBUS E CAMINHÕES,Faixas de controle de estacionamento, Faixas de estacionamento Rua Professor José Rodrigues de Oliveira e na Rua Joviano Troncha";;;;;
72;Sec. Trânsito;instalação de quebra molas na Praça Carlos José de Moura Bairro Sibipiruna;;;;;
56;Escola Legislativo;indicação do assessor a Reunião para planejamento do evento “ Mulheres: fortalecendo Histórias e Lutas”.;ok;;;;
57;Sec. Infraestrutura;tapa buraco por toda sua extensão na Rua Coronel Póvoa, Bairro Santa Helena;Atendido;;;;
58;Sec. Infraestrutura;tapa buraco por toda sua extensão na Rua das Nogueiras, Bairro São Sebastião;Atendido;;;;
59;Sec. Saúde;visita técnica à residência localizada na Rua das Nogueiras nº344, Bairro São Sebastião.;Atendido;;;;
60;Sec. Serviços Urbanos;Podas de árvores Bairros:Centro, Paraíso, Industrial, Sibipiruna;Sibipiruna autorizado;;;;
61;Deputado Estadual Doorgal;Recapeamento LMG-748;;;;;
62;Sec. Serviços Urbanos;Limpeza de terreno Rua Moisés Antônio Naves, Bairro Vieno;;;;;
63;Sec. Serviços Urbanos;Rua Professor João Batista da Costa, nº 54, Bairro Maria Eugênia;;;;;
64;Sec. Infraestrutura;tapa buraco Rua Dr. Alberto Moreira, nº 640, Bairro Centro;Atendido;;;;
65;Sec. Serviços Urbanos;Limpeza terreno Rua Professor João Batista da Costa, nº 54, Bairro Maria Eugênia programado p limpar;;;;;
66;Sec. Infraestrutura;Tapa buraco calçada da Escola Padre Damião na Av. Hugo Alessi, nº 1115, Bairro Industrial;Atendido;;;;
67;Sec. Meio Ambiente;Praça Carlos José de Moura na Rua Joviano Troncha , nº 561, Bairro Sibipiruna;Autorizado;;;;
68;Sec. Serviços Urbanos;Limpeza Praça Carlos José de Moura, Bairro Sibipiruna;Atendido;;;;
69;Sec. Serviços Urbanos;Limpeza Rua Alameda Antonino Vieira, 191 e 211, Bairro Sibipiruna;;;;;
70;Sec. Serviços Urbanos;Limpeza Avenida Teodoreto Veloso de Carvalho com a Rua Professora Heloisa Cury, Bairro Paineiras;;;;;
71;Sec. Trânsito;"Placas de ""PROIBIDO ÔNIBUS E CAMINHÕES,Faixas de controle de estacionamento, Faixas de estacionamento Rua Professor José Rodrigues de Oliveira e na Rua Joviano Troncha";;;;;
72;Sec. Trânsito;quebra mola Praça Carlos José de Moura, localizada no Bairro Sibipiruna;;;;;
73;Sec. Infraestrutura;tapa buraco na Rua dos Angicos Bairro São Sebastião;Atendido;;;;
74;Sec. Infraestrutura;tapa buraco na Rua Professora Maria Aparecida Costa esquina com Belchior de Godoy Bairro Goiás;Atendido;;;;
75;Sec. Trânsito;revitalização da sinalização de trânsito nas ruas do Bairro Sibipiruna;Através de resposta de ofício estão aguardando a disponibilidade do serviço pela empresa contratada.;;;;
76;FAEC;Ônibus integrantes da Igreja Assembleia de Deus Ministério Vila Nova;Negado;;;;
77;FAMEP;Ônibus integrantes da Igreja Assembleia de Deus Ministério Vila Nova;Negado;;;;
78;Sec. Serviços Urbanos;limpeza Rua Raul Campos ao lado nº30 Bairro Sibipiruna;Atendido;;;;
79;Sec. Administração;Instalação Wi-Fi Sine;;;;;
80;Sec. Administração;Instalação bebedouro e manutenção telefone fixo;;;;;
81;Sec. Serviços Urbanos;Notificação terreno esquina Condomínio Sibipiruna;;;;;
82;SAE;Vazamento de água Rua Afonso Pena;Atendido;;;;
83;Sec. Infraestrutura;tapa buraco por toda extensão na Rua Professor José Rodrigues de Oliveira Bairro Sibipiruna;Atendido;;;;
84;Sec. Infraestrutura; tapa buraco na Rua da Praça Leonina Resende de Souza Bairro Sibipiruna;Atendido;;;;
85;Sec. Serviços Urbanos;Praça Ilidio Miguel Duarte;Atendido;;;;
86;Secretaria de Segurança Pública;confirmar a presença reunião agendada para o dia 30 de abril de 2025 Secretaria de Segurança Pública;ok;;;;
87;Famep;ônibus integrantes da Igreja Assembleia de Deus Ministério Vila Nova p/dia 17/05;Negado;;;;
88;Faec;ônibus integrantes da Igreja Assembleia de Deus Ministério Vila Nova p/dia 17/05;Negado;;;;
89;Faec;Um ônibus Igreja Universal do Reino de Deus p/dia 18/04;Negado;;;;
90;Famep;Um ônibus Igreja Universal do Reino de Deus p/dia 18/04;Negado;;;;
91;Famep;dois ônibus Igreja Universal do Reino de Deus p/ dia 18/04;Negado;;;;
92;Faec;dois ônibus Igreja Universal do Reino de Deus p/ dia 18/04;Negado;;;;
93;Sec. Infraestrutura;tapa buraco por toda extensão na Rua Professor Walter Fernandes Bairro Sibipiruna;Atendido;;;;
94;Sec. Infraestrutura;tapa buraco por toda extensão na Rua Tapajós Bairro Paraíso;Atendido;;;;
95;Sec. Infraestrutura;tapa buraco por toda extensão na Rua Orlando César Vieira, Bairro São Sebastião;Atendido;;;;
96;Sec. Fazenda;informações relativas à gestão orçamentária e financeira do município.;recebido via ofício;;;;
97;Sec. Ser.Urb/Infra/Trânsito                   Convite reunião Sibipiruna;convite reunião Sibipiruna;Realizado;;;;
98;Sec. Infraestrutura;troca/substituição de lâmpadas queimadas na Praça Carlos José de Moura Bairro Sibipiruna.;Atendido;;;;
99;SAE;vazamento de água na Rua Tamandaré, 267 Bairro Centro;Executado;;;;
100;Condomínio Avangarden;cessão do salão de festas do Condomínio Avangarden para reunião.;Concedido;;;;
101;SAE;vazamento de água na Rua Afonso Pena;Atendido;;;;
102;Sec. Infraestrutura;tapa buraco por toda extensão na Rua Osmundo Rodrigues da Cunha Bairro Sibipiruna;Atendido;;;;
103;Sec. Infraestrutura;tapa buraco por toda extensão na Rua Raul Campos e Rua Justino Rodrigues da Cunha;Atendido;;;;
104;Sec. Infraestrutura;tapa buraco por toda extensão na Rua Olímpio dos Santos;Atendido;;;;
105;SAE;vazamento de água Rua Amapá;Executado;;;;
106;Sec. Infraestrutura;rede de drenagem Rua Araras;;;;;
107;Sec. Trânsito;quebra mola Rua Araras;vai realizar estudo técnico;;;;
108;Polícia Militar;ronda Bairro Goiás;;;;;
109;Sec. Infraestrutura;tapa buraco Avenida Paraná;;;;;
110;Sec. Infraestrutura;Tapa buraco Rua Moacir Faleiros Machado Bairro Sibipiruna;Atendido;;;;
111;Sec. Infraestrutura;Tapa buraco Rua Doutor Silvio França Mendonça Bairro Sibipiruna;Atendido;;;;
112;Famep;aquecimento das piscinas Ginásio;;;;;
113;Sec. Infraestrutura;Tapa buraco Rua Alameda Eduardo Alves da Silva Bairro Sibipiruna;Atendido;;;;
114;Sec. Infraestrutura;Tapa buraco Rua Alameda Estácio de Oliveira Bairro Sibipiruna;Atendido;;;;
115;Sec. Infraestrutura;Tapa buraco Rua Vereador Nicolino Caetano Guimarães Bairro Paineiras;Atendido;;;;
116;Sec. Infraestrutura;Tapa buraco Rua Amélia Araújo Bairro Sibipiruna;Atendido;;;;
117;Sec. Infraestrutura;Avenida Rui Dácio de Belém Miguel Bairro Paineiras;Atendido;;;;
118;Sec. Serviços Urbanos;notificação terreno Avenida Teodoreto Veloso de Carvalho Bairro Sibipiruna;;;;;
119;Sec. Desenvolvimento Social;informações relativas ao Banco de Alimentos;Respondido;;;;
120;Sec. Infraestrutura;troca/substituição de lâmpadas queimadas Avenida Hospital Sagrada Família, Santa Lúcia direção Trebeschi;;;;;
121;Procon;fiscalização demora no atendimento bancário;Atendido;;;;
122;SAE;vazamento de água Rua Dois Bairro Ouro Verde;Executado;;;;
123;Sec. Serviços Urbanos;fiscalize uma possível instalação Empresa Funilaria;Proprietários notificados;;;;
124;Sec. Meio Ambiente;fiscalize uma possível instalação Empresa Funilaria;Proprietários notificados;;;;
125;Sec. Desenvolvimento Social;informações licitação do padrão de energia MUP;Respondido/Atendido;;;;
126;Sec. Fazenda;24h p responder informações relativas à gestão orçamentária e financeira do município;;;;;
127;Sec. Fazenda;24h p responder informações relativas dos 30 maiores fornecedores do município;;;;;
128;Sec. Infraestrutura;quanto município gastou com iluminação pública OBS: esperando p terminar o ofício.;;;;;
129;FAEC;liberação tenda;vai ser atendido;;;;
130;Sec. Trânsito;interdição Rua João Adão da Cunha;vai ser atendido;;;;
131;Sec. Meio Ambiente;Supressão árvore Av. Dr. Oswaldo Pierucetti Bairro Sibipiruna;não averiguou necessidade p supressão;;;;
132;Sec. Meio Ambiente;Supressão árvore Rua Santa Rita  Bairro Sibipiruna;Autorizado p supressão;;;;
133;SAE;vazamento de água Rua Oito Bairro Canaã;Executado;;;;
134;Sec. Serviços Urbanos;limpeza Praça Ilídio Miguel Duarte Bairro Independência;Vão programar;;;;
135;Sec. Infraestrutura;Substituição de lâmpada em frente o Abrigo Cristo Rei;Executado;;;;
136;Sec. Trânsito;interdição Rua Antônio Lopes da Silva;cancelado;;;;
137;Gráfica Araguari;Confecção Diploma de Moção de Aplausos;;;;;
138;Sec. Trânsito;revitalização da sinalização de trânsito nas ruas Catalão e Cesário Alvim Bairro Centro;;;;;
139;Sec.Saúde;dedetização contêiners embaixo Praça Getúlio Vargas;;;;;
140;Sec.Trânsito;Pintura estratigráfica UBS Central;;;;;
141;Juiz Federal;Justiça Federal Unidade Aragurai;;;;;
142;SAE;disponibilização de copos de água para ação da identidade;;;;;
143;Batalhão Ferroviário;Doação de Sangue;;;;;
144;Batalhão Ferroviário;Dia do Soldado;;;;;
145;Pica-Pau;Cessão do salão de festas do Clube Pica-Pau.;;;;;
146;Câmara Municipal de Araguari;disponibilização do carro oficial da Câmara;;;;;
147;Famep;Ônibus p buscar alunos Escola Municipal Papa João XXIII;;;;;
148;Sec. Trânsito;sinalização porta Mutirão;;;;;
149;2º Batalhão Ferroviário;Doação de Sangue;;;;;
150;2º Companhia de Bombeiros Militar;Doação de Sangue;;;;;
151;53º Batalhão da Polícia Militar;Doação de Sangue;;;;;
152;Polícia Civil;Doação de Sangue;;;;;
153;Sec. Serviços Urbanos;Notificação p murar e limpeza terreno;;;;;
154;Faec;liberação ônibus;;;;;
155;Sec. Trânsito;interdição Rua Carolina Marques;;;;;
156;UAI Tibery;inviabilidade do ônibus p Terminal Central;;;;;
157;Câmara Municipal de Araguari;Indicação da Professora Homenageada.;;;;;
158;Faec;liberação palco e som;;;;;
159;Faec;liberação ônibus p Uberlândia;;;;;
160;Arroz Vasconcelos;empréstimo carreta da alegria;;;;;
161;Arroz Vasconcelos;empréstimo carreta da alegria;;;;;
162;Sec. Trânsito;interdição Rua Niquelândia;;;;;
163;Faec;liberação Van p Uberlândia;;;;;
164;Faec;liberação tenda Centro Chico Xavier;;;;;
165;Faec;liberação tenda Presídio;;;;;
166;Sec. Trânsito;Interdição Rua Isolina Soares B: Vieno;;;;;
167;Sec. Administração;Disposição do cargo Ivone;;;;;
168;SAE;Disponibilização de copos de água para evento quadra da Chancia;;;;;
169;Famep;liberação ônibus p internos Casa do Caminho;;;;;
170;Faec;liberação ônibus p internos Casa do Caminho;;;;;
171;Sec. Infraestrutura;Convite Audiência Pública;;;;;
172;Procuradoria;Convite Audiência Pública;;;;;
173;Sec. Fazenda;Convite Audiência Pública;;;;;
174;Sec. Planejamento;Convite Audiência Pública;;;;;
175;Geral;Convite Audiência Pública;;;;;
176;Promotoria de Justiça;Convite Audiência Pública;;;;;
177;Delegacia de Polícia Civil;Convite Audiência Pública;;;;;
178;Ivan Imobiliária;Convite Audiência Pública;;;;;
179;Base Imobilária;Convite Audiência Pública;;;;;
180;Local Imobiliária;Convite Audiência Pública;;;;;
181;Santa Júlia Imobiliária;Convite Audiência Pública;;;;;
182;Prado Imobiliária;Convite Audiência Pública;;;;;
183;Pilar Imobiliária;Convite Audiência Pública;;;;;
184;Imartins Imobiliária;Convite Audiência Pública;;;;;
185;Cida Imoliária;Convite Audiência Pública;;;;;
186;Plurimo Imobiliária;Convite Audiência Pública;;;;;
187;Método Imobiliária;Convite Audiência Pública;;;;;
188;Remax Imobiliária;Convite Audiência Pública;;;;;
189;Plug Imobiliária;Convite Audiência Pública;;;;;
190;Sistema Imobiliária;Convite Audiência Pública;;;;;
191;Cibele Imobiliária;Convite Audiência Pública;;;;;
192;Innovare Imobiliária;Convite Audiência Pública;;;;;
193;Vereadora Ana Lúcia;Convite Audiência Pública;;;;;
194;Vereadora Débora Dau;Convite Audiência Pública;;;;;
195;Vereadora Maria Cecília;Convite Audiência Pública;;;;;
196;Vereador Alex;Convite Audiência Pública;;;;;
197;Vereador Willian;Convite Audiência Pública;;;;;
198;Vereador Giulliano;Convite Audiência Pública;;;;;
199;Vereador Waltemir Branquinho;Convite Audiência Pública;;;;;
200;Vereador Cascão;Convite Audiência Pública;;;;;
201;Vereador Claúdio Coelho;Convite Audiência Pública;;;;;
202;Vereador Guilherme;Convite Audiência Pública;;;;;
203;Vereador Levi;Convite Audiência Pública;;;;;
204;Vereador Sebastião Nego;Convite Audiência Pública;;;;;
205;Vereador Paulo Vale;Convite Audiência Pública;;;;;
206;Vereador Paulo PH;Convite Audiência Pública;;;;;
207;Vereador Rodrigo Piracaíba;Convite Audiência Pública;;;;;
208;Rodrigo Sargento Oliveira;Convite Audiência Pública;;;;;
209;Secretaria de Fazenda;Convite Audiência Pública;;;;;
210;Secretaria de Planejamento  ;Convite Audiência Pública;;;;;
211;Promotoria de Justiça;Convite Audiência Pública;;;;;
212;Delegacia de Polícia Civil Dr.Rodrigo;Convite Audiência Pública;;;;;
213;Secretaria de Infraestrutura;Convite Audiência Pública;;;;;
214;Procuradoria Geral;Convite Audiência Pública;;;;;
215;Secretaria de Meio Ambiente;Convite Audiência Pública;;;;;
216;Promotoria de Justiça;Convite Audiência Pública;;;;;
217;Tenente;Convite Audiência Pública;;;;;
218;Presidente OAB;Convite Audiência Pública;;;;;
219;Vereadora Ana Lúcia;Convite Audiência Pública;;;;;
220;Vereadora Débora Dau;Convite Audiência Pública;;;;;
221;Vereadora Maria Cecília;Convite Audiência Pública;;;;;
222;Vereador Alex;Convite Audiência Pública;;;;;
223;Vereador Wilian;Convite Audiência Pública;;;;;
224;Vereador Giulliano;Convite Audiência Pública;;;;;
225;Vereador Waltemir Branquinho;Convite Audiência Pública;;;;;
226;Vereador Cascão;Convite Audiência Pública;;;;;
227;Vereador Claúdio Coelho;Convite Audiência Pública;;;;;
228;Vereador Guilherme;Convite Audiência Pública;;;;;
229;Vereador Levi;Convite Audiência Pública;;;;;
230;Vereador Sebastião Nego;Convite Audiência Pública;;;;;
231;Vereador Paulo Vale;Convite Audiência Pública;;;;;
232;Vereador Paulo PH;Convite Audiência Pública;;;;;
233;Vereador Rodrigo Piracaíba;Convite Audiência Pública;;;;;
234;Vereador Rodrigo Sargento Oliveira;Convite Audiência Pública;;;;;
235;Tenente;Convite Audiência Pública;;;;;
236;Comandante;Convite Audiência Pública;;;;;
237;SAE;Convite Audiência Pública;;;;;
238;Deputado José Vitor;Convite Audiência Pública;;;;;
239;FAEC;Convite Audiência Pública;;;;;
240;SAE;Liberação copos de água igreja;;;;;
241;FAEC;Liberação ônibus Casa do Caminho;;;;;
242;Câmara Municipal de Araguari;Retirada da Emenda Impositiva nº5;;;;;
243;FAEC;Liberação tenda;;;;;
244;FAEC;Liberação som presídio;;;;;
245;Sec. Infraestrutura;tapa buraco em todas as ruas do bairro;está sendo executado;;;;
246;Sec. Serviços Urbanos;poda de Árvore;executado;;;;
247;Sec. Trânsito;revitalização da sinalização de trânsito;;;;;
248;Sec. Saúde;vistoria Ferro Velho;vistoria feita no local;;;;
249;Sec. Serviços Urbanos;limpeza praça Latifa;;;;;
250;Famep;Disponibilização da quadra Latifa;;;;;
251;Sec. Trânsito;Pintura estratigráfica Orsi hotel   (ainda não levou);executado;;;;
252;Sec. Serviços Urbanos;Limpeza Rua Alameda Um Bairro Paineiras;Atendido;;;;
253;SAE;vazamento de água Rua Dr Ciro Parlmeston com Avenida Miguel Assad Debs;executado;;;;
254;Sec. Infraestrutura;tapa buraco Rua Brejo Alegre;executado;;;;
255;Sec. Infraestrutura;Rua Doutor Hugo Aguiar;executado;;;;
256;CEMIG;poste com avaria Rua Doutor Hugo de Aguiar com Alameda Goiás;;;;;
257;Sec. Infraestrutura;instalação de poste Rua Geraldo Gomide Borges Sibipiruna;estudo de viabilidade de responsabilidade da CEMIG;;;;
258;FAMEP;utilização praça do CEU;;;;;
259;Educação;utilização praça do CEU;;;;;
260;PM;levantamento índice de ocorrência de violência doméstica (via whatsapp);;;;;
261;SAE;copo de água Igreja Vila Nova;entregue;;;;
262;FAEC;utilização anfiteatro da praça do CEU;;;;;
263;6º promotoria;TAC;;;;;
264;2º promotoria;TAC;;;;;
265;Sec. Serviços Urbanos;Limpeza Praça Carlos José de Moura, Bairro Sibipiruna;executado;;;;
266;Sec. Serviços Urbanos;limpeza área verde Rua Walter Sopranzetti;executado;;;;
267;SAE;vazamento de água R Carlos Ramiro;executado;;;;
268;SAE;vazamento de água Av dos Andradas porta Sagrada Família;executado;;;;
269;Sec. Infraestrutura;tapa buraco, recomposição de paralelepipedo Avenida Dr Oswaldo Pierucetti;no momento resultaria em desperdício de erário;;;;
270;Sec. Serviços Urbanos;Notificação terreno esquina Condomínio Sibipiruna;;;;;
271;Sec. Saúde;vistoria técnica R das Mangueiras;;;;;
272;Sec. Seviços Urbanos;notificação terreno R Luiz Humberto Mendes e R Geraldo Gomide Sibipiruna;;;;;
273;SAE;vazamento de água R Monte Carmelo R Pires do Rio B Joquei Clube;executado;;;;
274;SAE;reparo tampa de esgoto R Sérgio Rodrigues Gimenez B Sibipiruna;foi realizado a troca da tampa;;;;
275;Sec. Saúde;fumacê R 02 Ouro Verde;;;;;
275;Sec. Serviços Urbanos;paralelepípedo Av Dr Oswaldo Pierucetti Sibipiruna;;;;;
276;SAE;vazamento de água R do Jordão B Santiago;não foi constatado nenhum vazamento;;;;
277;Sec. Serviços Urbanos;notificação terreno R Coromandel B Santiago;;;;;
278;SAE;vazamento de água Dr Afrânio na porta Bar Apolo;executado;;;;
279;SAE;vazamento de água Rua Dr Silvio França com Professor Walter Fernandes;executado;;;;
280;FAEC;autorização biblioteca Praça CEU;Autorizado;;;;
281;Sec. Trânsito;sinalização bairro Sibipiruna;;;;;
282;4º Promotoria;suspensão de autuação;Atendido;;;;
283;3º Promotoria;suspensão de autuação;atendido;;;;
284;Ronaldo Tannús;viatura p Polícia Penal;;;;;
285;Ronaldo Tannús;Destinar 100.000,00 p Escola São Judas;;;;;
286;Ronaldo Tannús;Destinar 100.000,00 p Isolina;;;;;
287;Sec. Serviços Urbanos;manutenção e limpeza Rodoviária;executado;;;;
288;FAEC;limpeza Arena Multiuso;;;;;
289;SAE;vazamento de água Rua Antônio Alves de Ávila Sibipiruna;executado;;;;
290;Sec Infraestrutura;boca de lobo Alan Kardec;;;;;
291;Sec Planejamento;Retirada da emenda impositiva LAFS;;;;;
292;Câmara Municipal de Araguari;Retirada da contribuição do Partido Mobiliza;;;;;
293;Gilmar Cabral;Comunicar a interrupção da contribuição do Partido Mobiliza;;;;;
294;Sec Saúde;vistoria técnica R Monte Alegre;feita vistoria;;;;
295;Sec Serviços Urbanos;limpeza Rua Edson Pereira Filho Sewa;;;;;
296;Sec Serviços Urbanos;limpeza Praça Juca Domingos;;;;;
297;Sec Infraestrutura;reparo bueiro Rua Cascalho Rico com a Rua Indianápolis Bairro Joquei Clube;já procedeu com acionamento da empresa responsável p q as devidas providências de reparo sejam tomadas com brevidade.;;;;
298;Zoonoses;fumacê R 11 B Independência;;;;;
299;Sec Planejamento;retirada da Emenda Impositiva Mutirão;;;;;
300;Câmara Municipal de Araguari;disponibilização da bandeira oficial da câmara;;;;;
301;Sec Serviços Urbanos;limpeza R Waldir Barreto de Lima B Portal de Fátima;;;;;
302;Sec Planejamento;Retirada da Emenda Impositiva Sindicato Produtores Rurais (não foi entregue);;;;;
303;Sec Serviços Urbanos;Notificação Terreno R Maurilio Pirette B Independência;;;;;
304;Câmara Municipal de Araguari;Ponto RH;;;;;
305;Sec Trânsito;vagas de estacionamento p gestantes;;;;;
306;Promotoria de Justiça;Dr Alam Baena;;;;;
307;Promotoria de Justiça;Dr Alam Baena;;;;;
308;Sec Serviços Urbanos;Limpeza Praça Carlos José de Moura, Bairro Sibipiruna;;;;;
309;Gilmar Cabral;Retirada de contribuição do Partido dos vereadores Isabel, Casção e PH;;;;;
310;Sec Serviços Urbanos;notificação Avenida Belo Horizonte com Pires do Rio B Santiago;;;;;
311;SAE;vazamento de água R Jordão 315 B Santiago;;;;;
312;Nassim Gerra;Confecção Diploma de Moção de Aplausos;;;;;
313;Sec Serviços Urbanos;notificação R Guará B Fátima;;;;;
314;Sec Serviços Urbanos;notificação casa R Floriano Peixoto B Santa Terezinha;;;;;
315;Arroz Vasconcelos;empréstimo carreta da alegria p Casa do Caminho;;;;;
